Date,Return
08/18/2014,0.0
08/18/2014,0.01513558145700471
08/18/2014,0.013068830168416257
08/18/2014,0.012839710692900845
08/18/2014,0.03452804815655917
08/18/2014,0.025146164422297796
08/18/2014,0.02354201806481289
08/18/2014,0.03337121864824066
08/18/2014,0.027871967709456266
08/18/2014,0.030244049889120585
08/18/2014,0.015720071236383883
08/18/2014,0.028424071231168406
08/18/2014,0.01847442112368866
08/18/2014,-0.00895442319086611
08/18/2014,-0.005891290258419016
08/18/2014,-0.014290618791400617
08/18/2014,-0.011646515866508856
08/18/2014,-0.01885902355700365
08/18/2014,-0.02318870551887139
08/18/2014,-0.02115216164069257
08/18/2014,-0.012400958826511968
08/18/2014,-0.021711397570196033
08/18/2014,0.014693326313616858
08/18/2014,-0.0008581792598451248
08/18/2014,-0.004480365413845176
08/18/2014,-0.004633501167426009
08/18/2014,0.005145136902366904
08/18/2014,0.01936614667232708
08/18/2014,0.01055409259981276
08/18/2014,0.01938395323629016
08/18/2014,-0.0001546235988014711
08/18/2014,-0.004395234255567334
08/18/2014,-0.00030058334197393034
08/18/2014,-0.000875285673280734
08/18/2014,0.01195936210871629
08/18/2014,0.008523256473544719
08/18/2014,0.010694432666430291
08/18/2014,0.006065801546944151
08/18/2014,0.031065082888680474
08/18/2014,0.03046280456045132
08/18/2014,0.04637287267021584
08/18/2014,0.04912597122130421
08/18/2014,0.052026689053950186
08/18/2014,0.0720980760542945
08/18/2014,0.0695964537444387
08/18/2014,0.0550964325727297
08/18/2014,0.05588102772934663
08/18/2014,0.0417293245265514
08/18/2014,0.03855144268544713
08/18/2014,0.035650708068371374
08/18/2014,0.04642927720511052
08/18/2014,0.05102002617973369
08/18/2014,0.068850319980576
08/18/2014,0.06830112002287786
08/18/2014,0.05096312567245544
08/18/2014,0.03977559558886715
08/18/2014,0.03942291298089281
08/18/2014,0.03646197392020165
08/18/2014,0.028642053620835498
08/18/2014,0.05330196159130027
08/18/2014,0.06806588747290696
08/18/2014,0.08019437473719943
08/18/2014,0.09889190003092976
08/18/2014,0.10078279134051706
08/18/2014,0.11818369638727916
08/18/2014,0.11958155523763536
08/18/2014,0.10540198000650175
08/18/2014,0.09204816762388233
08/18/2014,0.09858082869929183
08/18/2014,0.12227932370714262
08/18/2014,0.13925632857164763
08/18/2014,0.14157967172637442
08/18/2014,0.1301005277512332
08/18/2014,0.10297262403039582
08/18/2014,0.10272187664568286
08/18/2014,0.0956242611365843
08/18/2014,0.10538104156395536
08/18/2014,0.10320250195560025
08/18/2014,0.1257081377830472
08/18/2014,0.1278235622437551
08/18/2014,0.10853834931045872
08/18/2014,0.10479367183802812
08/18/2014,0.0885360769245404
08/18/2014,0.10128251012829716
08/18/2014,0.08591683044134844
08/18/2014,0.0460344528231796
08/18/2014,0.08522848165981424
08/18/2014,0.09321716372069475
08/18/2014,0.09717300143645025
08/18/2014,0.07618079425478784
08/18/2014,0.031942390759929745
08/18/2014,0.04912597122130421
08/18/2014,0.08178010247713134
08/18/2014,0.07184148151481275
08/18/2014,0.021799403155359356
08/18/2014,0.02673717139068926
08/18/2014,0.0264475515677464
08/18/2014,0.04522685745583385
08/18/2014,0.039589907769578936
08/18/2014,0.04243806134818159
08/18/2014,0.029609960808303762
08/18/2014,0.005840538788217153
08/18/2014,0.006526827530458932
08/18/2014,-0.014836686350817911
08/18/2014,-0.026456264771239038
08/18/2014,-0.028152979090856258
08/18/2014,-0.03778907886063491
08/18/2014,-0.02232402442295359
08/18/2014,-0.006235073578320489
08/18/2014,-0.019824426486683838
08/18/2014,-0.034632998911020486
08/18/2014,-0.02875224597947271
08/18/2014,-0.03803527242221658
08/18/2014,-0.04058514240612457
08/18/2014,-0.044376830356659076
08/18/2014,-0.04331785845799229
08/18/2014,-0.040679871414175915
08/18/2014,-0.0309326856072332
08/18/2014,-0.04126388998839195
08/18/2014,-0.04406336248463911
08/18/2014,-0.044815378710367865
08/18/2014,-0.044682321895866316
08/18/2014,-0.03878106343480666
08/18/2014,-0.03181824485639174
08/18/2014,-0.03207548032186108
08/18/2014,-0.030650640244828952
08/18/2014,-0.037487149165429265
08/18/2014,-0.031021333939405107
08/18/2014,-0.02867944838297321
08/18/2014,-0.01786681943265462
08/18/2014,-0.02074682736250635
08/18/2014,-0.00634511401176726
08/18/2014,-0.010151158892333891
08/18/2014,0.004765309662395968
08/18/2014,0.019495749331626133
08/18/2014,0.024010334549492567
08/18/2014,0.028283655836181552
08/18/2014,-0.01310990693747641
08/18/2014,0.02650859231928445
08/18/2014,0.05291037290164375
08/18/2014,0.037824739044835354
08/18/2014,0.058350777562996815
08/18/2014,0.03706753159353327
08/18/2014,0.00464401232222015
08/18/2014,0.00040131006684425007
08/18/2014,0.0015360716854921704
08/18/2014,0.013000579638147595
08/18/2014,0.008015437222235385
08/18/2014,0.01468503173008965
08/18/2014,0.013996440849488341
08/18/2014,0.03785248072992255
08/18/2014,0.03124068633059869
08/18/2014,0.031185905431282773
08/18/2014,0.021255613076084964
08/18/2014,0.02338092675452224
08/18/2014,0.04310985793635459
08/18/2014,0.05473987642832919
08/18/2014,0.04704570699414537
08/18/2014,0.039954607979087474
08/18/2014,0.05049983671095038
08/18/2014,0.04210259936892523
08/18/2014,0.04297924045837147
08/18/2014,0.048251158652095415
08/18/2014,0.04518661296982942
08/18/2014,0.05893729506715152
08/18/2014,0.07297557406496837
08/18/2014,0.07442970714052619
08/18/2014,0.08938326050014879
08/18/2014,0.08621551304350679
08/18/2014,0.09869774103166798
08/18/2014,0.08928146175495832
08/18/2014,0.08186988631153343
08/18/2014,0.07451879457643987
08/18/2014,0.08101684760222969
08/18/2014,0.08937302921482063
08/18/2014,0.1022827048179682
08/18/2014,0.10140764356665598
08/18/2014,0.10655253303534644
08/18/2014,0.10527227769099086
08/18/2014,0.09994207135115789
08/18/2014,0.09630001088800136
08/18/2014,0.10116831510849576
08/18/2014,0.11430736562296186
08/18/2014,0.12946885332529212
08/18/2014,0.12708772042291247
08/18/2014,0.14005299221175327
08/18/2014,0.13683922132659526
08/18/2014,0.1298411440328386
08/18/2014,0.12764382776053287
08/18/2014,0.12582482116182214
08/18/2014,0.12883431244377597
08/18/2014,0.15191796188622625
08/18/2014,0.15327436924381163
08/18/2014,0.147099549198171
08/18/2014,0.15629505330339097
08/18/2014,0.13956253053668732
08/18/2014,0.14093465818450276
08/18/2014,0.13583100672846296
08/18/2014,0.1348025109244424
08/18/2014,0.13090449503997173
08/18/2014,0.13108012161450236
08/18/2014,0.12472750775108622
08/18/2014,0.14826363402195467
08/18/2014,0.14803738866605695
08/18/2014,0.13645124156027064
08/18/2014,0.12999442536520933
08/18/2014,0.15738584874172187
08/18/2014,0.16165413281032412
08/18/2014,0.15233940325092962
08/18/2014,0.3113194365813534
08/18/2014,0.29782701027803427
08/18/2014,0.3213994696875715
08/18/2014,0.330298222174429
08/18/2014,0.3365836495665169
08/18/2014,0.34235640840674253
08/18/2014,0.36177362150818654
08/18/2014,0.3652671108719366
08/18/2014,0.34623273059203613
08/18/2014,0.3360320902558778
08/18/2014,0.3303285485176962
08/18/2014,0.31250079782041057
08/18/2014,0.3139656541450037
08/18/2014,0.3306019219139034
08/18/2014,0.32987314534746315
08/18/2014,0.3271776279219042
08/18/2014,0.32859972818691685
08/18/2014,0.3142027463711424
08/18/2014,0.3147068059043067
08/18/2014,0.29052671530464746
08/18/2014,0.2973068782684644
08/18/2014,0.2902266827837008
08/18/2014,0.31528544983064966
08/18/2014,0.3128408146517661
08/18/2014,0.31090640012560455
08/18/2014,0.3050495564649334
08/18/2014,0.30049162722925377
08/18/2014,0.3114964428342163
08/18/2014,0.31241206139312266
08/18/2014,0.3250501267899701
08/18/2014,0.3250802143245238
08/18/2014,0.33713566139879003
08/18/2014,0.35461956677917955
08/18/2014,0.37618081567280764
08/18/2014,0.36245816312600093
08/18/2014,0.37350490660927044
08/18/2014,0.3709198938486636
08/18/2014,0.34522281410820055
08/18/2014,0.3393175492761664
08/18/2014,0.33395245120657097
08/18/2014,0.34067339117343304
08/18/2014,0.34673058435572224
08/18/2014,0.3463727857877365
08/18/2014,0.36010499049330214
08/18/2014,0.3557540744714299
08/18/2014,0.33993354354485794
08/18/2014,0.3225391195649791
08/18/2014,0.316176593288682
08/18/2014,0.30893363716303807
08/18/2014,0.3056343374113955
08/18/2014,0.30858087777810456
08/18/2014,0.2999403996442631
08/18/2014,0.2878315951239201
08/18/2014,0.28560130869808464
08/18/2014,0.288942435415841
08/18/2014,0.3128555822937196
08/18/2014,0.3081843153477989
08/18/2014,0.32101005277637873
08/18/2014,0.31641448414293216
08/18/2014,0.3129295172782491
08/18/2014,0.2908268902608132
08/18/2014,0.2895414512148368
08/18/2014,0.2797711626629137
08/18/2014,0.29989687507367074
08/18/2014,0.27979922903566995
08/18/2014,0.2688340624530279
08/18/2014,0.26737154276472574
08/18/2014,0.260408933482681
08/18/2014,0.2627167619770676
08/18/2014,0.2665039250382549
08/18/2014,0.28642431037556
08/18/2014,0.2874901137819576
08/18/2014,0.2877035394014696
08/18/2014,0.30442147394414926
08/18/2014,0.314810569557788
08/18/2014,0.32095015824204204
08/18/2014,0.3126633565568732
08/18/2014,0.32386109628677046
08/18/2014,0.3288421314596725
08/18/2014,0.3340440297032997
08/18/2014,0.3455178553340637
08/18/2014,0.3399643107902498
08/18/2014,0.3230195068185625
08/18/2014,0.31732211640196495
08/18/2014,0.29400846856004764
08/18/2014,0.2940947308247831
08/18/2014,0.31507760183440653
08/18/2014,0.33192487456778136
08/18/2014,0.32894823554643166
08/18/2014,0.33659895618969693
08/18/2014,0.324703663683191
08/18/2014,0.3092129731843237
08/18/2014,0.3248241429935596
08/18/2014,0.34794550143967584
08/18/2014,0.35569098483872436
08/18/2014,0.35663783564013646
08/18/2014,0.3433001815772977
08/18/2014,0.3377648909232808
08/18/2014,0.3384716448313136
08/18/2014,0.34224824850833363
08/18/2014,0.32250905418029147
08/18/2014,0.33454816420104394
08/18/2014,0.32023191310429383
08/18/2014,0.3103905374130379
08/18/2014,0.285034334218696
08/18/2014,0.2828278174328456
08/18/2014,0.28191067097995576
08/18/2014,0.28944154612294104
08/18/2014,0.27251913645652076
08/18/2014,0.3138175590448384
08/18/2014,0.3281455076783361
08/18/2014,0.3240716368842029
08/18/2014,0.33736586518596273
08/18/2014,0.33407452707269614
08/18/2014,0.35959729953560027
08/18/2014,0.35277994004611113
08/18/2014,0.3781009546539786
08/18/2014,0.4048620111410296
08/18/2014,0.4205813196314843
08/18/2014,0.4134489171113395
08/18/2014,0.4229575341699961
08/18/2014,0.45427809677511194
08/18/2014,0.44047407467129035
08/18/2014,0.43277103254593313
08/18/2014,0.4426136158551622
08/18/2014,0.4566591614877944
08/18/2014,0.457096287423414
08/18/2014,0.5217029767299682
08/18/2014,0.48932672317698456
08/18/2014,0.46903409368627397
08/18/2014,0.49052674483022773
08/18/2014,0.4752073933445385
08/18/2014,0.4745727827940886
08/18/2014,0.4749646899105658
08/18/2014,0.4987302877248772
08/18/2014,0.5041459995009593
08/18/2014,0.4883947862789904
08/18/2014,0.4658930184323784
08/18/2014,0.4456556184244224
08/18/2014,0.43349351341439885
08/18/2014,0.4546955541376985
08/18/2014,0.46751728895903266
08/18/2014,0.4520314673377919
08/18/2014,0.43458746983673646
08/18/2014,0.4395133662588965
08/18/2014,0.4383230346587967
08/18/2014,0.43663880811752936
08/18/2014,0.4305551367886508
08/18/2014,0.43653249295738017
08/18/2014,0.4428101154293953
08/18/2014,0.43127538055500364
08/18/2014,0.41866197865683136
08/18/2014,0.4121815587786211
08/18/2014,0.40825703520657936
08/18/2014,0.3960944419300047
08/18/2014,0.40163500363216986
08/18/2014,0.3998169502792069
08/18/2014,0.40187111531006997
08/18/2014,0.3898015557275425
08/18/2014,0.4187310620476298
08/18/2014,0.4456735251923556
08/18/2014,0.454677423171877
08/18/2014,0.45726025176010077
08/18/2014,0.4750580115464728
08/18/2014,0.4738641461454993
08/18/2014,0.45738774225764106
08/18/2014,0.46504544776218937
08/18/2014,0.47072104811635157
08/18/2014,0.44449097697917117
08/18/2014,0.4699234267419059
08/18/2014,0.4793830077652035
08/18/2014,0.4887560946157932
08/18/2014,0.49287507318012924
08/18/2014,0.4895933059857111
08/18/2014,0.4839980289140277
08/18/2014,0.5058951730899025
08/18/2014,0.5132860856918149
08/18/2014,0.5220408211467408
08/18/2014,0.535516322742556
08/18/2014,0.5026915121524453
08/18/2014,0.5422826832910582
08/18/2014,0.5460880558890364
08/18/2014,0.5463957094437852
08/18/2014,0.5524723713975722
08/18/2014,0.5464163261813209
08/18/2014,0.5453090383722562
08/18/2014,0.5717970672238942
08/18/2014,0.6581837016029706
08/18/2014,0.6543236000061085
08/18/2014,0.6384855761202732
08/18/2014,0.6296195279607243
08/18/2014,0.6077242168195026
08/18/2014,0.6114588040268606
08/18/2014,0.5750044983306962
08/18/2014,0.5718395354642146
08/18/2014,0.5789947594350083
08/18/2014,0.5893735355519398
08/18/2014,0.5862368485859654
08/18/2014,0.5793156498196798
08/18/2014,0.6105234981751972
08/18/2014,0.6114588040268606
08/18/2014,0.6476117062183204
08/18/2014,0.664958432224353
08/18/2014,0.650154446034383
08/18/2014,0.6441485304831986
08/18/2014,0.6426886649537681
08/18/2014,0.6286175752727144
08/18/2014,0.6134441972037654
08/18/2014,0.6184853948419365
08/18/2014,0.616330739162302
08/18/2014,0.6169809741696032
08/18/2014,0.6603333582789103
08/18/2014,0.6585848738657375
08/18/2014,0.6708061830582936
08/18/2014,0.6724365909978792
08/18/2014,0.7003991121010029
08/18/2014,0.7034062664305722
08/18/2014,0.6863507478371117
08/18/2014,0.6944659017645962
08/18/2014,0.6865947375798184
08/18/2014,0.6763575559901798
08/18/2014,0.668868381378214
08/18/2014,0.6844982896209786
08/18/2014,0.7047516614277226
08/18/2014,0.7376922928711728
08/18/2014,0.7628187011136895
08/18/2014,0.7448201910130132
08/18/2014,0.7503229616360731
08/18/2014,0.7396116366765245
08/18/2014,0.7441935813911031
08/18/2014,0.8008708707059815
08/18/2014,0.8006482539622427
08/18/2014,0.786050964834405
08/18/2014,0.7684357665180871
08/18/2014,0.7502440540140752
08/18/2014,0.75782026762361
08/18/2014,0.7867628861283847
08/18/2014,0.7470434185541436
08/18/2014,0.7096278748367139
08/18/2014,0.7065238784124089
08/18/2014,0.6942196245934569
08/18/2014,0.6950328153889443
08/18/2014,0.7131965017659474
08/18/2014,0.7262645708813092
08/18/2014,0.7196169471823991
08/18/2014,0.720784780385653
08/18/2014,0.7130706167428729
08/18/2014,0.7173111509821779
08/18/2014,0.7094524416428739
08/18/2014,0.6769604592385217
08/18/2014,0.5426908994220326
08/18/2014,0.565043006014065
08/18/2014,0.5729001306960759
08/18/2014,0.5649379556343159
08/18/2014,0.5509229731107593
08/18/2014,0.565337386270513
08/18/2014,0.5663260311208285
08/18/2014,0.5379072188468422
08/18/2014,0.5182538812165766
08/18/2014,0.5174631894582638
08/18/2014,0.52850825336263
08/18/2014,0.5396340365388507
08/18/2014,0.5299530026706357
08/18/2014,0.5447151580192503
08/18/2014,0.5406312648399813
08/18/2014,0.5468472345661237
08/18/2014,0.5557258819266019
08/18/2014,0.5552691593345835
08/18/2014,0.5878793824688054
08/18/2014,0.6006806497051481
08/18/2014,0.6020447823549286
08/18/2014,0.6226089296420104
08/18/2014,0.6415780773005136
08/18/2014,0.642271892285593
08/18/2014,0.650738785789713
08/18/2014,0.6869608570480651
08/18/2014,0.6837683448752527
08/18/2014,0.6631527969991186
08/18/2014,0.6504815736607594
08/18/2014,0.6664105796100628
08/18/2014,0.7121394025535606
08/18/2014,0.7113349677582689
08/18/2014,0.7012182472042332
08/18/2014,0.7097282081236181
08/18/2014,0.6939980107077673
08/18/2014,0.7209118017543589
08/18/2014,0.7415612171689543
08/18/2014,0.7174123881422799
08/18/2014,0.7220561390319682
08/18/2014,0.721089752729863
08/18/2014,0.7408067949529089
08/18/2014,0.7252679531399108
08/18/2014,0.7211914358977616
08/18/2014,0.7321139612559363
08/18/2014,0.7459441560222613
08/18/2014,0.743019643574745
08/18/2014,0.765863520772834
08/18/2014,0.8154012283103623
08/18/2014,0.814412059864233
08/18/2014,0.8147511251914471
08/18/2014,0.819539064345939
08/18/2014,0.8130853991521811
08/18/2014,0.8172977346903146
08/18/2014,0.8536581286335518
08/18/2014,0.8421437580042043
08/18/2014,0.8412998730436785
08/18/2014,0.8432509117086877
08/18/2014,0.8355290364940412
08/18/2014,0.900168790670307
08/18/2014,0.9169518935848865
08/18/2014,0.9182769299319221
08/18/2014,0.8935314403175973
08/18/2014,0.9080703566379704
08/18/2014,0.965210306752535
08/18/2014,1.0068316390724705
08/18/2014,1.0208547305760556
08/18/2014,1.0272168481604798
08/18/2014,1.0215908831217329
08/18/2014,1.042994663665515
08/18/2014,1.040455225139086
08/18/2014,1.0035887914758237
08/18/2014,0.9888526125647642
08/18/2014,0.9889544953099014
08/18/2014,0.9557785167525236
08/18/2014,0.982694964576175
08/18/2014,1.0078343227938393
08/18/2014,1.0092188444842376
08/18/2014,1.0653322172112918
08/18/2014,1.047229238763865
08/18/2014,1.0639788041930842
08/18/2014,1.0786295318948138
08/18/2014,1.0394197043287021
08/18/2014,1.0620434290192715
08/18/2014,1.018125270173849
08/18/2014,1.0041745243132996
08/18/2014,1.0416703657221331
08/18/2014,1.064600391008361
08/18/2014,1.0847645457832875
08/18/2014,1.0771847013651523
08/18/2014,1.0624449262706712
08/18/2014,1.0501100659687277
08/18/2014,1.0079034076432911
08/18/2014,1.015612433098542
08/18/2014,1.007488547571776
08/18/2014,1.0432452476519782
08/18/2014,1.0143583597156711
08/18/2014,1.0412055077729185
08/18/2014,1.0064862090848623
08/18/2014,0.9813467504783191
08/18/2014,0.9609777722101264
08/18/2014,0.9702931616926992
08/18/2014,0.9307020600852498
08/18/2014,0.9123281726699218
08/18/2014,0.9398927682911676
08/18/2014,0.8978481720729493
08/18/2014,0.9411851456189909
08/18/2014,0.8706163899408663
08/18/2014,0.8531276301312166
08/18/2014,0.9071650038185223
08/18/2014,0.9296151927888239
08/18/2014,0.9256936812550691
08/18/2014,0.8992398266111714
08/18/2014,0.9133013587066924
08/18/2014,0.9019362693086777
08/18/2014,0.9183401851725749
08/18/2014,0.9523385221989339
08/18/2014,0.9074459120892945
08/18/2014,0.9192561752678111
08/18/2014,0.9282424028010103
08/18/2014,0.926903377000809
08/18/2014,0.8951633004176389
08/18/2014,0.8936545147685828
08/18/2014,0.911512697347218
08/18/2014,0.9383763412922251
08/18/2014,0.9502804115140155
08/18/2014,0.9553191925994846
08/18/2014,0.9447481191880571
08/18/2014,0.9186559295627321
08/18/2014,0.9119831847655139
08/18/2014,0.9230247437760091
08/18/2014,0.8659743568403225
08/18/2014,0.7902759441971751
08/18/2014,0.8326429436570821
08/18/2014,0.8592469372225423
08/18/2014,0.8475168260260707
08/18/2014,0.843192686526993
08/18/2014,0.8349800121376811
08/18/2014,0.8136497502375083
08/18/2014,0.8015946578613802
08/18/2014,0.8175527859556426
08/18/2014,0.7974547215794804
08/18/2014,0.7773081360597138
08/18/2014,0.8013160910137656
08/18/2014,0.7949080080023504
08/18/2014,0.8137343035197985
08/18/2014,0.8040206200463738
08/18/2014,0.821131252013907
08/18/2014,0.8397884236397679
08/18/2014,0.838366487358742
08/18/2014,0.8646608044761239
08/18/2014,0.8763987602492938
08/18/2014,0.8920559290594536
08/18/2014,0.8865737168396123
08/18/2014,0.9259482864898705
08/18/2014,0.9416701542762663
08/18/2014,0.9196355619804273
08/18/2014,0.9207112130412273
08/18/2014,0.9265531043687644
08/18/2014,0.897415652372801
08/18/2014,0.8760362696479481
08/18/2014,0.8725699886208819
08/18/2014,0.8851396623767485
08/18/2014,0.8847129151712161
08/18/2014,0.9127990616549738
08/18/2014,0.9109485723071556
08/18/2014,0.9228978157718454
08/18/2014,0.9171095275350662
08/18/2014,0.8981882693536076
08/18/2014,0.9275726541647153
08/18/2014,0.9215978373262255
08/18/2014,0.9246441816191289
08/18/2014,0.9113872844350968
08/18/2014,0.9037693433316702
08/18/2014,0.9235324200256401
08/18/2014,0.9060733383301066
08/18/2014,0.9111052204380159
08/18/2014,0.9208062402086866
08/18/2014,0.9134899524299585
08/18/2014,0.9544339124772535
08/18/2014,0.9919119043765051
08/18/2014,1.006589906514894
08/18/2014,1.0090802835167545
08/18/2014,1.0174964737029635
08/18/2014,1.0095306158565056
08/18/2014,1.0515535257160984
08/18/2014,1.0465460686394599
08/18/2014,1.0062443454014895
08/18/2014,0.9905171752093878
08/18/2014,0.9889206011852397
08/18/2014,0.8222986326968221
08/18/2014,0.8414743641104409
08/18/2014,0.854159474317196
08/18/2014,0.8648099554316395
08/18/2014,0.851038025728912
08/18/2014,0.8619202287508516
08/18/2014,0.870346229903077
08/18/2014,0.8723895550825415
08/18/2014,0.7930026581231061
08/18/2014,0.7685431212807133
08/18/2014,0.7440108209908385
08/18/2014,0.7515330463510976
08/18/2014,0.8044396746567994
08/18/2014,0.8142708614990714
08/18/2014,0.8219283000080247
08/18/2014,0.8203632871061549
08/18/2014,0.8408054565255413
08/18/2014,0.850861541077944
08/18/2014,0.8623367214917456
08/18/2014,0.8488943722688687
08/18/2014,0.8742864798517087
08/18/2014,0.8619202287508516
08/18/2014,0.8812143384273535
08/18/2014,0.8856886501961517
08/18/2014,0.8629022406031418
08/18/2014,0.8636172424500222
08/18/2014,0.8575874345203055
08/18/2014,0.8918717209892512
08/18/2014,0.869596101232688
08/18/2014,0.8684572684146761
08/18/2014,0.8628427673189424
08/18/2014,0.878727858728975
08/18/2014,0.8988995382611825
08/18/2014,0.944456123880296
08/18/2014,0.9993611696141537
08/18/2014,0.9814815055591986
08/18/2014,1.0701376779022787
08/18/2014,1.0443204653298561
08/18/2014,1.0094614189906612
08/18/2014,1.0062098594418807
08/18/2014,0.95919776650844
08/18/2014,0.9396666982179832
08/18/2014,0.9060420228972382
08/18/2014,0.8903067518368073
08/18/2014,0.9012848595749735
08/18/2014,0.915817556490744
08/18/2014,0.9585392107098263
08/18/2014,0.9394084467727203
08/18/2014,0.9033341146375307
08/18/2014,0.9158804541785199
08/18/2014,0.9550567566045819
08/18/2014,0.9506067651078011
08/18/2014,0.9928997309991143
08/18/2014,1.0141493528481023
08/18/2014,0.9666029148460272
08/18/2014,0.9420261402894811
08/18/2014,0.9467947657834448
08/18/2014,0.9878351394691106
08/18/2014,0.9985724600597392
08/18/2014,0.9541390015891705
08/18/2014,0.9737633894515629
08/18/2014,0.9968262726768982
08/18/2014,1.0070391229932145
08/18/2014,0.9736966338652956
08/18/2014,1.0011463124724207
08/18/2014,0.9697937500284642
08/18/2014,1.0849882342633332
08/18/2014,1.1248633099021634
08/18/2014,1.145674740960126
08/18/2014,1.1696810846275498
08/18/2014,1.2625554658511604
08/18/2014,1.2643576455130292
08/18/2014,1.3092679495260937
08/18/2014,1.3221509241808764
08/18/2014,1.3520494352541224
08/18/2014,1.2629069465100118
08/18/2014,1.209454975725935
08/18/2014,1.2038567023506166
08/18/2014,1.1609513905755777
08/18/2014,1.1912190985851634
08/18/2014,1.217821888659152
08/18/2014,1.2384812114807606
08/18/2014,1.1615124267878025
08/18/2014,1.132132466227547
08/18/2014,1.1319764344859946
08/18/2014,1.1319374906259405
08/18/2014,1.1481266391264213
08/18/2014,1.1904778329652423
08/18/2014,1.2010264239564783
08/18/2014,1.1985354411922375
08/18/2014,1.2206107884252366
08/18/2014,1.17864425684006
08/18/2014,1.1824382604448307
08/18/2014,1.2319651901183275
08/18/2014,1.2206530392589479
08/18/2014,1.1887089436389828
08/18/2014,1.1544800348516737
08/18/2014,1.1555160552177959
08/18/2014,1.1619936455290696
08/18/2014,1.2121389996318197
08/18/2014,1.241149922939067
08/18/2014,1.2272308467176936
08/18/2014,1.246420010915709
08/18/2014,1.339537777073844
08/18/2014,1.3740885363513948
08/18/2014,1.3084446781992791
08/18/2014,1.1860407499203538
08/18/2014,1.1623145744015517
08/18/2014,1.0915735956950592
08/18/2014,1.067310398338801
08/18/2014,1.073341626377613
08/18/2014,1.1228895816238347
08/18/2014,1.0325553777985361
08/18/2014,1.1345144487473122
08/18/2014,1.0127927485076493
08/18/2014,1.0180903745585366
08/18/2014,0.9386987227384374
08/18/2014,0.9673997588209091
08/18/2014,0.9208062402086866
08/18/2014,0.930606057679707
08/18/2014,0.9076957146221687
08/18/2014,0.9193826229514226
08/18/2014,0.8722089756843643
08/18/2014,0.8829163438127287
08/18/2014,0.8852005618051151
08/18/2014,0.9201100570100854
08/18/2014,0.9576510196748154
08/18/2014,0.9342586820325111
08/18/2014,0.9590002534716061
08/18/2014,0.9502150323832022
08/18/2014,1.2034401232052678
08/18/2014,1.1652873572521127
08/18/2014,1.182520128864532
08/18/2014,1.2103768364970542
08/18/2014,1.190807274641124
08/18/2014,1.132249565547315
08/18/2014,1.1770164881631617
08/18/2014,1.1889557504525565
08/18/2014,1.2368914441842358
08/18/2014,1.3016066621645528
08/18/2014,1.3423590197297353
08/18/2014,1.3609593548254177
08/18/2014,1.414017342307823
08/18/2014,1.4542780068375887
08/18/2014,1.4269867868514987
08/18/2014,1.3931491874377118
08/18/2014,1.3640720867537455
08/18/2014,1.4051500046920373
08/18/2014,1.4029681187011704
08/18/2014,1.3292514787835614
08/18/2014,1.3173029954612814
08/18/2014,1.2925970579845814
08/18/2014,1.3091307472369964
08/18/2014,1.2874675057677094
08/18/2014,1.2555058468658358
08/18/2014,1.2449055755493648
08/18/2014,1.2455110491656896
08/18/2014,1.2367625782912846
08/18/2014,1.2281248020914821
08/18/2014,1.2071120795899473
08/18/2014,1.2174421425550555
08/18/2014,1.2031068632089814
08/18/2014,1.2374497165070646
08/18/2014,1.249411396490954
08/18/2014,1.242745483349504
08/18/2014,1.2488471484676134
08/18/2014,1.2482831834480759
08/18/2014,1.2240856666449602
08/18/2014,1.1938589733380103
08/18/2014,1.1998218181061615
08/18/2014,1.197126220442438
08/18/2014,1.24815326216206
08/18/2014,1.200901906762009
08/18/2014,1.1782778074922795
08/18/2014,1.1766505861482854
08/18/2014,1.1477308522849485
08/18/2014,1.1676230083568497
08/18/2014,1.1772604124768682
08/18/2014,1.1814580021630046
08/18/2014,1.1752692725268443
08/18/2014,1.1830107480359637
08/18/2014,1.164081166462455
08/18/2014,1.142046695068551
08/18/2014,1.1664546782537333
08/18/2014,1.167300501921248
08/18/2014,1.1873945306703242
08/18/2014,1.219764814276382
08/18/2014,1.2195534827954821
08/18/2014,1.2168938171015915
08/18/2014,1.2347470057313654
08/18/2014,1.2122231199532079
08/18/2014,1.1961324778137616
08/18/2014,1.0146369519665623
08/18/2014,1.0224326957221663
08/18/2014,1.0425292097098626
08/18/2014,1.018614789461602
08/18/2014,1.015856553960595
08/18/2014,1.0094614189906612
08/18/2014,1.0298295421560428
08/18/2014,1.0479845122466063
08/18/2014,0.9832009470784341
08/18/2014,0.9693942736966231
08/18/2014,0.9863104702847979
08/18/2014,1.0031067317567905
08/18/2014,1.0034853970968072
08/18/2014,1.025666568515393
08/18/2014,1.0103624192380345
08/18/2014,0.9858704838671604
08/18/2014,1.0020055213988188
08/18/2014,1.0187895873273984
08/18/2014,1.0216609178923663
08/18/2014,1.0772958427033674
08/18/2014,1.076185660248588
08/18/2014,1.0920616732665651
08/18/2014,1.046294681614908
08/18/2014,1.0447509124136556
08/18/2014,1.0209249318286309
08/18/2014,1.008422547847452
08/18/2014,0.9694941792263303
08/18/2014,0.96769868611716
08/18/2014,0.9698602418598248
08/18/2014,0.9404741143980938
08/18/2014,0.9120145073349561
08/18/2014,0.9399250119855209
08/18/2014,0.9400219499153009
08/18/2014,0.9000448618234688
08/18/2014,0.9105100615242446
08/18/2014,0.9143385147882429
08/18/2014,0.9065098145629858
08/18/2014,0.9099777839113297
08/18/2014,0.8497454107735581
08/18/2014,0.8640047185721101
08/18/2014,0.8671103496925504
08/18/2014,0.8673196424675047
08/18/2014,0.8554287709721372
08/18/2014,0.8662731031042645
08/18/2014,0.8906747786824205
08/18/2014,0.8904908394349471
08/18/2014,0.8847433506091738
08/18/2014,0.8972920823730146
08/18/2014,0.9075708020523543
08/18/2014,0.9101657229633189
08/18/2014,0.9043913825957938
08/18/2014,0.9073833732511641
08/18/2014,0.94131449943056
08/18/2014,0.939279547098316
08/18/2014,0.8896019043528494
08/18/2014,0.8904908394349471
08/18/2014,0.8800915972785054
08/18/2014,0.9072585015797926
08/18/2014,0.9049205506649766
08/18/2014,0.8595139000961357
08/18/2014,0.8448557188996072
08/18/2014,0.8221277565782977
08/18/2014,0.8672298337286717
08/18/2014,0.8899082647732554
08/18/2014,0.8893568176187687
08/18/2014,0.8919945859220809
08/18/2014,0.8975392384697817
08/18/2014,0.8906747786824205
08/18/2014,0.8997352127060961
08/18/2014,0.9135526973741954
08/18/2014,0.9356400548943133
08/18/2014,0.928497688872411
08/18/2014,0.9621994274519544
08/18/2014,0.9461769787468004
08/18/2014,0.9392471310615667
08/18/2014,0.9459820821905247
08/18/2014,0.9348045809303452
08/18/2014,0.9288807383566919
08/18/2014,0.9248667632734967
08/18/2014,0.9325908306466812
08/18/2014,0.9586051491617493
08/18/2014,0.9727277478117612
08/18/2014,0.9696938141048652
08/18/2014,0.9743986164403569
08/18/2014,0.9590989028237369
08/18/2014,0.9600544445297156
08/18/2014,0.9680308956743288
08/18/2014,0.9703931584450295
08/18/2014,0.9735963082307324
08/18/2014,0.9850250589191696
08/18/2014,1.0151593710917217
08/18/2014,1.0340096617959147
08/18/2014,1.0382070264462369
08/18/2014,1.065185809003475
08/18/2014,1.097294625673195
08/18/2014,1.002177454484114
08/18/2014,0.9754025853782794
08/18/2014,0.9589014097189283
08/18/2014,0.9990867789893858
08/18/2014,0.9713264549601065
08/18/2014,0.9726275206500633
08/18/2014,0.953680447119384
08/18/2014,0.9972369564118889
08/18/2014,0.9966552642167757
08/18/2014,0.9572566567792744
08/18/2014,0.9318860803203309
08/18/2014,0.8883772837577618
08/18/2014,0.8711269520081074
08/18/2014,0.8653173464197345
08/18/2014,0.8595139000961357
08/18/2014,0.8645414638642113
08/18/2014,0.8669606449410522
08/18/2014,0.8792731178856596
08/18/2014,0.8932546151507863
08/18/2014,0.8951017556273111
08/18/2014,0.8991162109573787
08/18/2014,0.8841338894808783
08/18/2014,0.8905827155590796
08/18/2014,0.8840730589473662
08/18/2014,0.8904908394349471
08/18/2014,0.9027435987433542
08/18/2014,0.9044226438131132
08/18/2014,0.9169833791643722
08/18/2014,0.917456374341872
08/18/2014,0.8867875856469235
08/18/2014,0.9377962512605428
08/18/2014,1.154599601816122
08/18/2014,1.1452007585625104
08/18/2014,1.1527690308986749
08/18/2014,1.1629567261019602
08/18/2014,1.1729982789808624
08/18/2014,1.1989915982701864
08/18/2014,1.1811313578914695
08/18/2014,1.1654081187501253
08/18/2014,1.2312387597052707
08/18/2014,1.2173576248638562
08/18/2014,1.2166406703612718
08/18/2014,1.2086595256217822
08/18/2014,1.2108381813560445
08/18/2014,1.197333302544032
08/18/2014,1.2103349757913293
08/18/2014,1.2697818408935704
08/18/2014,1.258696863324499
08/18/2014,1.269870269598246
08/18/2014,1.2930029928722098
08/18/2014,1.377818085285386
08/18/2014,1.4227488089845652
08/18/2014,1.4248658654218243
08/18/2014,1.425925862570676
08/18/2014,1.4166702463800336
08/18/2014,1.4477833782675342
08/18/2014,1.4475777399153857
08/18/2014,1.476704492326341
08/18/2014,1.5096632182562189
08/18/2014,1.47817890410489
08/18/2014,1.5162734681448067
08/18/2014,1.5318522374608552
08/18/2014,1.5898572870313514
08/18/2014,1.5745820962059718
08/18/2014,1.5401294180866139
08/18/2014,1.584344233280818
08/18/2014,1.56365222005202
08/18/2014,1.5819968084257374
08/18/2014,1.5114478231827548
08/18/2014,1.5225911262120593
08/18/2014,1.490517752251616
08/18/2014,1.4172717985024175
08/18/2014,1.3760246243789134
08/18/2014,1.4001474408524488
08/18/2014,1.3963967856715018
08/18/2014,1.368829086287576
08/18/2014,1.370129689064982
08/18/2014,1.3138067393904689
08/18/2014,1.3062977734038321
08/18/2014,1.329949963653128
08/18/2014,1.293815285019353
08/18/2014,1.3018794431335194
08/18/2014,1.3793715390989727
08/18/2014,1.3765575605930251
08/18/2014,1.4038105453186258
08/18/2014,1.4031166990505575
08/18/2014,1.4062920492642512
08/18/2014,1.3658476865934996
08/18/2014,1.3835563349691111
08/18/2014,1.3782548990171921
08/18/2014,1.4040088947433416
08/18/2014,1.4408116896677696
08/18/2014,1.4200825600450664
08/18/2014,1.5000805277743474
08/18/2014,1.5358185215855111
08/18/2014,1.3591910821778752
08/18/2014,1.3720591779326408
08/18/2014,1.3824357742549946
08/18/2014,1.4493780675202508
08/18/2014,1.493074930551071
08/18/2014,1.5527587493125754
08/18/2014,1.588821853179704
08/18/2014,1.672707429933003
08/18/2014,1.6697688740634282
08/18/2014,1.651909105176617
08/18/2014,1.6193674589898126
08/18/2014,1.56568383515968
08/18/2014,1.4688348491179997
08/18/2014,1.4657010857608452
08/18/2014,1.4531415413067508
08/18/2014,1.4177731734787222
08/18/2014,1.396889527765604
08/18/2014,1.3855566610327934
08/18/2014,1.3308353451124597
08/18/2014,1.33060219685892
08/18/2014,1.3250694598196526
08/18/2014,1.3403835207043469
08/18/2014,1.4120688775151786
08/18/2014,1.3858497052837657
08/18/2014,1.3931491874377118
08/18/2014,1.4587308512139774
08/18/2014,1.4041577626863806
08/18/2014,1.4004934621442817
08/18/2014,1.3369576875353741
08/18/2014,1.305157317666929
08/18/2014,1.3622991405515892
08/18/2014,1.4161691782625918
08/18/2014,1.399949728089714
08/18/2014,1.376315176118221
08/18/2014,1.4512325362888654
08/18/2014,1.4430115810296955
08/18/2014,1.4425508117700292
08/18/2014,1.4689916971833472
08/18/2014,1.4536063153357563
08/18/2014,1.3572347095321569
08/18/2014,1.3385989131943108
08/18/2014,1.2944023271005698
08/18/2014,1.2963914305444433
08/18/2014,1.2813332607115835
08/18/2014,1.3061152104084963
08/18/2014,1.2895345655475112
08/18/2014,1.2342328588786295
08/18/2014,1.363400988224055
08/18/2014,1.3371921185479725
08/18/2014,1.286345727159687
08/18/2014,1.30165205140399
08/18/2014,1.196546555056373
08/18/2014,1.2170204037125874
08/18/2014,1.190766151874436
08/18/2014,1.2023990932282205
08/18/2014,1.202940279347055
08/18/2014,1.19224957554069
08/18/2014,1.1385484383450324
08/18/2014,1.1304565256201684
08/18/2014,1.1026295717612655
08/18/2014,1.0998262449932321
08/18/2014,1.1186831379394702
08/18/2014,1.118490614251072
08/18/2014,0.9578154118888323
08/18/2014,0.978756447648234
08/18/2014,0.9862766662140673
08/18/2014,1.0349685093046046
08/18/2014,1.0583652505326422
08/18/2014,1.0537587744028807
08/18/2014,1.0681540849001638
08/18/2014,1.0511202100916026
08/18/2014,1.0410984165048387
08/18/2014,1.0490287511553273
08/18/2014,1.0550985881949941
08/18/2014,1.0565855472327457
08/18/2014,1.0721620901281306
08/18/2014,1.0712781506580733
08/18/2014,1.0705790668271904
08/18/2014,1.0911983722233376
08/18/2014,1.122928195628076
08/18/2014,1.0905606690717817
08/18/2014,1.0812278192183922
08/18/2014,1.0577111326241702
08/18/2014,1.0607673179632247
08/18/2014,1.0620798612209776
08/18/2014,1.0694760575946072
08/18/2014,1.0110562932389318
08/18/2014,1.0055195393397187
08/18/2014,1.0218364543794012
08/18/2014,1.0805220041104846
08/18/2014,1.072051497437716
08/18/2014,1.0656982149553706
08/18/2014,1.1015300001642128
08/18/2014,1.1372544264281756
08/18/2014,1.1540819115415086
08/18/2014,1.1879283587774756
08/18/2014,1.2123908585101992
08/18/2014,1.2139459791016622
08/18/2014,1.1929508361514105
08/18/2014,1.1781965015199598
08/18/2014,1.1471767089823734
08/18/2014,1.1552769784645422
08/18/2014,1.145516728828179
08/18/2014,1.165488480853466
08/18/2014,1.153126955129766
08/18/2014,1.1861635911893975
08/18/2014,1.1727955147694842
08/18/2014,1.1807233248721924
08/18/2014,1.1726334749706142
08/18/2014,1.1847292846031512
08/18/2014,1.1936937767464268
08/18/2014,1.2124749979877611
08/18/2014,1.1550379547392904
08/18/2014,1.1943959617566478
08/18/2014,1.1865739173779102
08/18/2014,1.199282171219391
08/18/2014,1.1813764586151758
08/18/2014,1.1499493121151494
08/18/2014,1.1486810270717014
08/18/2014,1.158310243022356
08/18/2014,1.119029808881668
08/18/2014,0.9991897198539148
08/18/2014,1.0080418063206789
08/18/2014,0.9834035732229673
08/18/2014,1.0094614189906612
08/18/2014,0.9759050467176437
08/18/2014,0.9851940876714792
08/18/2014,0.9737967756301827
08/18/2014,0.9388923567715742
08/18/2014,0.9359615267354363
08/18/2014,0.9617700566943803
08/18/2014,0.9161010133129023
08/18/2014,0.8677985086708566
08/18/2014,0.8595733392097321
08/18/2014,0.8798792497533056
08/18/2014,0.8715777665225855
08/18/2014,0.8816395025901755
08/18/2014,0.8711569502360403
08/18/2014,0.8844384792695201
08/18/2014,0.9053877981852536
08/18/2014,0.9388601473955376
08/18/2014,0.9467620980206491
08/18/2014,0.9541390015891705
08/18/2014,0.9622983992768432
08/18/2014,0.9497583174312496
08/18/2014,0.9649452091217181
08/18/2014,0.9564024221292932
08/18/2014,0.9736966338652956
08/18/2014,0.9703931584450295
08/18/2014,0.9786893471700477
08/18/2014,0.9853293733779495
08/18/2014,0.9880385100614472
08/18/2014,0.9922523408534586
08/18/2014,0.9897695591577642
08/18/2014,0.9837748251779038
08/18/2014,0.9758379450096254
08/18/2014,0.9991210204957297
08/18/2014,1.0102931650761158
08/18/2014,0.9897695591577642
08/18/2014,0.9988124705313306
08/18/2014,1.001352415992883
08/18/2014,1.0448586099700576
08/18/2014,1.034045110121091
08/18/2014,1.0211351227876415
08/18/2014,1.0181952749205292
08/18/2014,1.0224326957221663
08/18/2014,1.0373875985919883
08/18/2014,1.0524567994091194
08/18/2014,1.0427081739338813
08/18/2014,1.05640414322878
08/18/2014,1.0719411451493448
08/18/2014,1.114838632246401
08/18/2014,1.1242824781619898
08/18/2014,1.156992212680313
08/18/2014,1.1691964380297353
08/18/2014,1.1826017579410384
08/18/2014,1.1739304542551685
08/18/2014,1.1150304927089523
08/18/2014,1.157111810873249
08/18/2014,1.1256772037492122
08/18/2014,1.1029710162292958
08/18/2014,1.10494605427475
08/18/2014,1.1034265189916816
08/18/2014,1.114838632246401
08/18/2014,1.1124621016039624
08/18/2014,1.1110462365310851
08/18/2014,1.1196462737861328
08/18/2014,1.1994065052013254
08/18/2014,1.1771791824355715
08/18/2014,1.2152925052732824
08/18/2014,1.2240430301948735
08/18/2014,1.2576029875488808
08/18/2014,1.2666916387348353
08/18/2014,1.2519758856461876
08/18/2014,1.3368639639435425
08/18/2014,1.385752019126583
08/18/2014,1.4051500046920373
08/18/2014,1.3922158420863904
08/18/2014,1.350484104038541
08/18/2014,1.3378484038949543
08/18/2014,1.3378484038949543
08/18/2014,1.3665682958756424
08/18/2014,1.3461310858012336
08/18/2014,1.3381766848019265
08/18/2014,1.3353656424169809
08/18/2014,1.3450454296329193
08/18/2014,1.371480060419676
08/18/2014,1.3702261000521776
08/18/2014,1.3868757120753021
08/18/2014,1.4406072209820708
08/18/2014,1.4530382568337534
08/18/2014,1.468521066223979
08/18/2014,1.4748111389976248
08/18/2014,1.5119890303171797
08/18/2014,1.5412924398369856
08/18/2014,1.5265284247751156
08/18/2014,1.5474025122117108
08/18/2014,1.572763372351001
08/18/2014,1.5572397205891693
08/18/2014,1.52450354089343
08/18/2014,1.5077732025711417
08/18/2014,1.5007243266284718
08/18/2014,1.4903579975755221
08/18/2014,1.472553463397883
08/18/2014,1.4864795676374196
08/18/2014,1.5051318545838088
08/18/2014,1.5314124187205505
08/18/2014,1.6251493797792327
08/18/2014,1.6174262334545402
08/18/2014,1.619720765644599
08/18/2014,1.5336685612676804
08/18/2014,1.521172317160526
08/18/2014,1.541514127646204
08/18/2014,1.5674925600119576
08/18/2014,1.5524792722152132
08/18/2014,1.5497431290762758
08/18/2014,1.5879019948995676
08/18/2014,1.58342773708391
08/18/2014,1.5686809381924607
08/18/2014,1.5773149114289278
08/18/2014,1.6306005509866932
08/18/2014,1.6153118822658517
08/18/2014,1.6716660302886792
08/18/2014,1.649738699735247
08/18/2014,1.6202508100209505
08/18/2014,1.6089889240009103
08/18/2014,1.6649460882998555
08/18/2014,1.7250755813510157
08/18/2014,1.7237381134965466
08/18/2014,1.709365107151473
08/18/2014,1.7088612704512438
08/18/2014,1.6332750310276665
08/18/2014,1.6598982074474868
08/18/2014,1.7443254622986264
08/18/2014,1.7468479841778943
08/18/2014,1.8124699096639652
08/18/2014,1.839951103653568
08/18/2014,1.8956932471882724
08/18/2014,1.938475491894122
08/18/2014,1.845359164128186
08/18/2014,1.85316056341728
08/18/2014,1.7816596366718565
08/18/2014,1.764504710338018
08/18/2014,1.7478841337796098
08/18/2014,1.7402604234523984
08/18/2014,1.8032026716092358
08/18/2014,1.847583862180535
08/18/2014,1.8729233301905326
08/18/2014,1.8611453428412088
08/18/2014,1.7743759445493308
08/18/2014,1.8147794353959625
08/18/2014,1.807321496824914
08/18/2014,1.8016527203066015
08/18/2014,1.796476577375549
08/18/2014,1.743356488821082
08/18/2014,1.716754214038249
08/18/2014,1.6941460444203333
08/18/2014,1.675468455341211
08/18/2014,1.6562607941763359
08/18/2014,1.62308148941588
08/18/2014,1.6471507639884824
08/18/2014,1.700075408922925
08/18/2014,1.7205591179939907
08/18/2014,1.7322944691115323
08/18/2014,1.7933934440594526
08/18/2014,1.8398820012287593
08/18/2014,1.8737735024989193
08/18/2014,1.8823019121226459
08/18/2014,1.9618489210887036
08/18/2014,1.9394389386819113
08/18/2014,1.9344064269300598
08/18/2014,1.921900304142073
08/18/2014,1.9369206454936703
08/18/2014,1.9884296814638116
08/18/2014,2.0077098515409753
08/18/2014,1.9919586487848018
08/18/2014,1.9209483183128147
08/18/2014,1.8567271231697315
08/18/2014,1.8612858394393745
08/18/2014,1.9386236859181472
08/18/2014,1.8886597467526725
08/18/2014,1.8921004387546412
08/18/2014,1.8993670029394654
08/18/2014,1.960419648072798
08/18/2014,1.9433732937671777
08/18/2014,1.9772079128671263
08/18/2014,2.0374177546902272
08/18/2014,2.019789068661735
08/18/2014,1.9923426729306555
08/18/2014,2.029679857497024
08/18/2014,2.0362308021955218
08/18/2014,2.0552534880448183
08/18/2014,2.0727327766702723
08/18/2014,1.9713634350823885
08/18/2014,1.9981157831406935
08/18/2014,2.071113454985722
08/18/2014,2.1592733413128467
08/18/2014,2.0824035661177516
08/18/2014,2.128825796775316
08/18/2014,2.2195789771265084
08/18/2014,2.249651766179408
08/18/2014,2.1650216350078306
08/18/2014,2.1518405510658947
08/18/2014,2.2151381372120404
08/18/2014,2.2915010084530008
08/18/2014,2.348524903650391
08/18/2014,2.4009967301189965
08/18/2014,2.351991758522531
08/18/2014,2.298954245388946
08/18/2014,2.3873559698688895
08/18/2014,2.3571092459998613
08/18/2014,2.3433377587066517
08/18/2014,2.530069029832781
08/18/2014,2.5324228093757197
08/18/2014,2.4989120521615864
08/18/2014,2.475539834291715
08/18/2014,2.6456805411524247
08/18/2014,2.592526949353953
08/18/2014,2.60240944143357
08/18/2014,2.6660928797832932
08/18/2014,2.781962961953855
08/18/2014,3.0066264786275076
08/18/2014,2.7770605061531564
08/18/2014,2.8132691764292
08/18/2014,2.654482620595249
08/18/2014,2.580826853462756
08/18/2014,2.562439166695769
08/18/2014,2.4482899452911617
08/18/2014,2.456573713557977
08/18/2014,2.411449421097815
08/18/2014,2.373824193568456
08/18/2014,2.5311383576166846
08/18/2014,2.364085812233011
08/18/2014,2.401492942284469
08/18/2014,2.300635846923439
08/18/2014,2.4012943685040713
08/18/2014,2.258464487534126
08/18/2014,2.2102674175579393
08/18/2014,2.255188030436251
08/18/2014,2.2509206595932874
08/18/2014,2.077032303011898
08/18/2014,2.1391067186174193
08/18/2014,2.2949440478104774
08/18/2014,2.397922990976855
08/18/2014,2.423373619203816
08/18/2014,2.422167536003196
08/18/2014,2.4427896663858024
08/18/2014,2.3947557417580523
08/18/2014,2.3426665807462363
08/18/2014,2.516011878432974
08/18/2014,2.598627806169565
08/18/2014,2.589428931492004
08/18/2014,2.802569731568759
08/18/2014,2.845478457084673
08/18/2014,3.12197177232391
08/18/2014,2.889236614817426
08/18/2014,2.8980819990830144
08/18/2014,2.8724377219049453
08/18/2014,2.7079651422017275
08/18/2014,2.7272939887987047
08/18/2014,2.699138333267493
08/18/2014,2.5840204419254134
08/18/2014,2.619414299010807
08/18/2014,2.4888570484771315
08/18/2014,2.55277413955784
08/18/2014,2.627186421234885
08/18/2014,2.788355463979604
08/18/2014,2.845097601870916
08/18/2014,2.9186590510829666
08/18/2014,2.880302297491086
08/18/2014,2.8471286256385793
08/18/2014,2.9107698156809456
08/18/2014,2.92274765566918
08/18/2014,2.7575766891772564
08/18/2014,2.7562445623465366
08/18/2014,2.697143780027488
08/18/2014,2.5830285142694684
08/18/2014,2.751529071802961
08/18/2014,2.691055147619446
08/18/2014,2.8821116180889983
08/18/2014,2.774003005899226
08/18/2014,2.8091564600901933
08/18/2014,2.8578252212512383
08/18/2014,3.103974048924189
08/18/2014,3.2483325045196154
08/18/2014,3.1709465006872044
08/18/2014,3.2364419930140205
08/18/2014,3.381696814392945
08/18/2014,2.9783161900312325
08/18/2014,2.9901658714004027
08/18/2014,3.1322018337280038
08/18/2014,3.5272199429829167
08/18/2014,3.441137095338523
08/18/2014,3.490243525120873
08/18/2014,3.1597815895837575
08/18/2014,2.9186590510829666
08/18/2014,2.8834053156919612
08/18/2014,2.759394797762601
08/18/2014,2.7345795343024135
08/18/2014,3.005111950376517
08/18/2014,2.742013564609591
08/18/2014,2.656087433553472
08/18/2014,2.5196217850404414
08/18/2014,2.518771582154766
08/18/2014,2.4054684161657423
08/18/2014,2.176234633992
08/18/2014,2.3636976848589297
08/18/2014,2.243231153107331
08/18/2014,2.24025563707519
08/18/2014,2.255551792212176
08/18/2014,2.160644329650636
08/18/2014,2.5372470419634303
08/18/2014,2.435077814081285
08/18/2014,2.3080367754344024
08/18/2014,2.276879146447745
08/18/2014,2.212922175114244
08/18/2014,2.0725707482014424
08/18/2014,2.1284898020187426
08/18/2014,2.30147758094086
08/18/2014,2.4362933203146393
08/18/2014,2.2132765336898905
08/18/2014,2.0588619844592055
08/18/2014,2.510504780710608
08/18/2014,2.5427308894304272
08/18/2014,2.4470662448770373
08/18/2014,2.368363685548417
08/18/2014,2.1396986154210356
08/18/2014,2.0122963343225737
08/18/2014,1.984679770617912
08/18/2014,1.830777200738243
08/18/2014,1.90993604027746
08/18/2014,2.059022570284019
08/18/2014,1.703896546529904
08/18/2014,1.6512455385386808
08/18/2014,1.6786043606476082
08/18/2014,1.7150454994732232
08/18/2014,1.709554007536432
08/18/2014,1.5948738759283683
08/18/2014,1.6543854336795394
08/18/2014,1.8118592547898413
08/18/2014,1.6313131564464793
08/18/2014,1.686321715673275
08/18/2014,1.662997698175087
08/18/2014,1.687002971189001
08/18/2014,1.8140997062615372
08/18/2014,1.7838522158321009
08/18/2014,1.7753007647641132
08/18/2014,1.6234947689869486
08/18/2014,1.588476819633193
08/18/2014,1.5096090812160134
08/18/2014,1.5050780853328873
08/18/2014,1.515676025235242
08/18/2014,1.45997636335736
08/18/2014,1.4872755488621814
08/18/2014,1.4580047870078088
08/18/2014,1.4129677341127103
08/18/2014,1.3756854753816004
08/18/2014,1.395510230129455
08/18/2014,1.4030670710314346
08/18/2014,1.3761213700813524
08/18/2014,1.3389275552750945
08/18/2014,1.2845978280414856
08/18/2014,1.3056589430423138
08/18/2014,1.3308353451124597
08/18/2014,1.318870648316209
08/18/2014,1.3270657163223956
08/18/2014,1.354472817582753
08/18/2014,1.4325588116687766
08/18/2014,1.3964459905884508
08/18/2014,1.4288580372032402
08/18/2014,1.517251681682469
08/18/2014,1.491103303945256
08/18/2014,1.4601320774297815
08/18/2014,1.4145173680165342
08/18/2014,1.4124683499632775
08/18/2014,1.4427556165083613
08/18/2014,1.3689734747295195
08/18/2014,1.4504596081164636
08/18/2014,1.382338357702812
08/18/2014,1.4428068973737236
08/18/2014,1.4861083258153118
08/18/2014,1.421440069135014
08/18/2014,1.184852232712392
08/18/2014,1.1760411013351384
08/18/2014,1.2583029918551294
08/18/2014,1.2343614420157525
08/18/2014,1.1833787998720264
08/18/2014,1.1560344351400182
08/18/2014,1.1521329211880793
08/18/2014,1.101757528701248
08/18/2014,1.14279487929539
08/18/2014,1.1703679787997427
08/18/2014,1.2113835149363474
08/18/2014,1.1795812834877786
08/18/2014,1.2139879766952877
08/18/2014,1.2070700914288772
08/18/2014,1.2039399352899551
08/18/2014,1.1152223803008192
08/18/2014,1.1491565488189
08/18/2014,1.1376855138216833
08/18/2014,1.132912959828379
08/18/2014,1.0804846942882547
08/18/2014,1.0724201020428068
08/18/2014,1.0466539553865406
08/18/2014,1.034684479353947
08/18/2014,1.0393125860460297
08/18/2014,1.1077630846862454
08/18/2014,1.1377249034580992
08/18/2014,1.1031228234965937
08/18/2014,1.089174008277335
08/18/2014,1.0555335865565885
08/18/2014,0.9878689966078328
08/18/2014,1.036782287233453
08/18/2014,1.0544465445037559
08/18/2014,1.0269349778088939
08/18/2014,0.9895656234845334
08/18/2014,0.9991210204957297
08/18/2014,1.051048119417251
08/18/2014,1.0778882535527379
08/18/2014,1.1400014475161102
08/18/2014,1.121150791853443
08/18/2014,1.1191067577128135
08/18/2014,1.0143233781850318
08/18/2014,1.0180903745585366
08/18/2014,1.0092188444842376
08/18/2014,1.006002754299409
08/18/2014,1.0223626074700976
08/18/2014,0.9991210204957297
08/18/2014,0.9924908356563638
08/18/2014,1.0333000740640959
08/18/2014,0.9990867789893858
08/18/2014,1.0129318220438104
08/18/2014,0.9876654571003777
08/18/2014,0.9591319925319902
08/18/2014,1.005001898605923
08/18/2014,0.9651439228194209
08/18/2014,1.0294408540502396
08/18/2014,1.0869296309966816
08/18/2014,1.1109316917492722
08/18/2014,1.1422041964758323
08/18/2014,1.1462278638943
08/18/2014,1.1326786283135528
08/18/2014,1.0999775985601667
08/18/2014,1.167179771294917
08/18/2014,1.1606711139884462
08/18/2014,1.5926226554146503
08/18/2014,1.5613422180628413
08/18/2014,1.6082883572209927
08/18/2014,1.5804533655674016
08/18/2014,1.5477922979704783
08/18/2014,1.4846242967575198
08/18/2014,1.5107984917870028
08/18/2014,1.4913695015283597
08/18/2014,1.4442925678914047
08/18/2014,1.474023103759873
08/18/2014,1.5608357364374168
08/18/2014,1.5026573913942132
08/18/2014,1.5026037283116729
08/18/2014,1.6460090192704138
08/18/2014,1.6604446362801102
08/18/2014,1.62449912385826
08/18/2014,1.5436774401862505
08/18/2014,1.5854908286614047
08/18/2014,1.5305879310538038
08/18/2014,1.6882424784176417
08/18/2014,1.6978878412860148
08/18/2014,1.6539018358512205
08/18/2014,1.7758296218929956
08/18/2014,1.661416614452098
08/18/2014,1.630838094769144
08/18/2014,1.6477522257930866
08/18/2014,1.6497988583858882
08/18/2014,1.81777371505709
08/18/2014,1.6894833285353477
08/18/2014,1.6935233353123502
08/18/2014,1.603278068448626
08/18/2014,1.6214294953304869
08/18/2014,1.5501893523283679
08/18/2014,1.4735505633996355
08/18/2014,1.4516450975846458
08/18/2014,1.464762353053188
08/18/2014,1.5107984917870028
08/18/2014,1.3959534209588085
08/18/2014,1.2951704754092923
08/18/2014,1.3177177273132956
08/18/2014,1.289759434077347
08/18/2014,1.2899843377749778
08/18/2014,1.2005279323079285
08/18/2014,1.1897370686999342
08/18/2014,1.1800298614365756
08/18/2014,1.2495850916397497
08/18/2014,1.236333458974788
08/18/2014,1.255680475789283
08/18/2014,1.3081246924103453
08/18/2014,1.3230303778988706
08/18/2014,1.2996992766436228
08/18/2014,1.352476698761703
08/18/2014,1.2591346088062685
08/18/2014,1.0653687657193807
08/18/2014,1.1257548767498955
08/18/2014,1.1170666669207403
08/18/2014,1.0962761515538901
08/18/2014,1.0577111326241702
08/18/2014,1.028734237853773
08/18/2014,1.124398716783703
08/18/2014,0.994502497356609
08/18/2014,0.9416701542762663
08/18/2014,0.9399250119855209
08/18/2014,0.8921788117704211
08/18/2014,0.8277857129067357
08/18/2014,0.7825816832245771
08/18/2014,0.8260674071294447
08/18/2014,0.8021238833373593
08/18/2014,0.784273635679903
08/18/2014,0.8450600518928725
08/18/2014,0.7951290304394647
08/18/2014,0.7739537559370931
08/18/2014,0.700622409051734
08/18/2014,0.7009698543689609
08/18/2014,0.6854971807800796
08/18/2014,0.6589862402905029
08/18/2014,0.663223904476889
08/18/2014,0.6395919819243288
08/18/2014,0.6632477492944483
08/18/2014,0.6728926454997693
08/18/2014,0.689871690328934
08/18/2014,0.7206070450260084
08/18/2014,0.7308792106132173
08/18/2014,0.7415350688454736
08/18/2014,0.6892102721872306
08/18/2014,0.6792558918782831
08/18/2014,0.6665297001603476
08/18/2014,0.6668873071970153
08/18/2014,0.6222927564533505
08/18/2014,0.6303489577430103
08/18/2014,0.6294599884843353
08/18/2014,0.6685337770653261
08/18/2014,0.7035307350386899
08/18/2014,0.7101045967657975
08/18/2014,0.6818002266167652
08/18/2014,0.672148615911319
08/18/2014,0.6835980226175812
08/18/2014,0.7303138760865081
08/18/2014,0.7499813026749785
08/18/2014,0.722310571008117
08/18/2014,0.7645000036098496
08/18/2014,0.7970944167599772
08/18/2014,0.862247391409107
08/18/2014,0.8393819541404103
08/18/2014,0.8510086691176226
08/18/2014,0.8163064990075048
08/18/2014,0.7644199783645549
08/18/2014,0.8439215922050687
08/18/2014,0.75533158615066
08/18/2014,0.6797641737817747
08/18/2014,0.5901541640370099
08/18/2014,0.5711826613507947
08/18/2014,0.6061290681068687
08/18/2014,0.6386468879589433
08/18/2014,0.6573819390001465
08/18/2014,0.6484973173259269
08/18/2014,0.6775157179369018
08/18/2014,0.7158952548750712
08/18/2014,0.7276720587632112
08/18/2014,0.7434108345080997
08/18/2014,0.724553218056601
08/18/2014,0.7246807963967484
08/18/2014,0.7909912383094474
08/18/2014,0.8077702675657504
08/18/2014,0.8221562042388408
08/18/2014,0.8398174254254474
08/18/2014,0.8920252569935515
08/18/2014,0.8794851403874586
08/18/2014,0.8285313008735246
08/18/2014,0.8737741923257176
08/18/2014,0.8636172424500222
08/18/2014,0.8945472739861823
08/18/2014,0.9118263926787701
08/18/2014,0.9619351480630571
08/18/2014,1.012827669935641
08/18/2014,0.9956295819642407
08/18/2014,0.9943659586420731
08/18/2014,1.000665220942591
08/18/2014,1.0545552658516417
08/18/2014,1.0537226356342302
08/18/2014,1.051336953443793
08/18/2014,1.0483086546312514
08/18/2014,1.0518425021155122
08/18/2014,1.0808563056909422
08/18/2014,1.10822042928688
08/18/2014,1.1312747029070576
08/18/2014,1.1773825213611127
08/18/2014,1.218708567568465
08/18/2014,1.2042318175357407
08/18/2014,1.2209071033293628
08/18/2014,1.2299579941175276
08/18/2014,1.2356041827913855
08/18/2014,1.2653701341164993
08/18/2014,1.2441272801312444
08/18/2014,1.2262521473364638
08/18/2014,1.2081993491318457
08/18/2014,1.219342191550145
08/18/2014,1.2619846052155816
08/18/2014,1.2790136587881942
08/18/2014,1.2724371260938288
08/18/2014,1.3015157434753697
08/18/2014,1.2707547408959228
08/18/2014,1.263082732192377
08/18/2014,1.2754985258458467
08/18/2014,1.2730132843043103
08/18/2014,1.3005616671008189
08/18/2014,1.340712514010146
08/18/2014,1.3307886482743807
08/18/2014,1.3711905352548757
08/18/2014,1.3424531846243313
08/18/2014,1.2915602262999224
08/18/2014,1.2608875346408501
08/18/2014,1.2597917996446608
08/18/2014,1.2642697778958374
08/18/2014,1.2166830319046098
08/18/2014,1.2586091715980956
08/18/2014,1.2852697936767798
08/18/2014,1.317072693991895
08/18/2014,1.2807528863983826
08/18/2014,1.2721712781357126
08/18/2014,1.2852697936767798
08/18/2014,1.258215330708825
08/18/2014,1.2768320196357965
08/18/2014,1.2942668855190484
08/18/2014,1.286345727159687
08/18/2014,1.2674856668916978
08/18/2014,1.2740777050137295
08/18/2014,1.2408051679903283
08/18/2014,1.1245147277810243
08/18/2014,1.12099636321586
08/18/2014,1.0999775985601667
08/18/2014,1.107610599188869
08/18/2014,1.1107787474600408
08/18/2014,1.1372152895097771
08/18/2014,1.140590908167824
08/18/2014,1.145042808326814
08/18/2014,1.1481266391264213
08/18/2014,1.1607111146801132
08/18/2014,1.1518149993287066
08/18/2014,1.1811721197416591
08/18/2014,1.1974576651018165
08/18/2014,1.2297447174015237
08/18/2014,1.2199339524573247
08/18/2014,1.2145348654551922
08/18/2014,1.197954774829879
08/18/2014,1.2097901591702986
08/18/2014,1.2200608949713307
08/18/2014,1.2670003800097978
08/18/2014,1.2854041750270968
08/18/2014,1.2661186892774905
08/18/2014,1.2622040855705388
08/18/2014,1.3038359237724526
08/18/2014,1.3178099213866001
08/18/2014,1.306799895305294
08/18/2014,1.3089477354762609
08/18/2014,1.2792809765345443
08/18/2014,1.2609316042566172
08/18/2014,1.2628189363758706
08/18/2014,1.2488907412546333
08/18/2014,1.2463332698542016
08/18/2014,1.2984746572574393
08/18/2014,1.329111882380347
08/18/2014,1.340759458756091
08/18/2014,1.337520215156573
08/18/2014,1.392657824492647
08/18/2014,1.4104226569502036
08/18/2014,1.4571238087185834
08/18/2014,1.4589901851818332
08/18/2014,1.4492237117799012
08/18/2014,1.476599224763607
08/18/2014,1.4780735111734407
08/18/2014,1.4747060217969539
08/18/2014,1.4660662574665455
08/18/2014,1.544732730305144
08/18/2014,1.523902194842517
08/18/2014,1.4970809856819969
08/18/2014,1.5255976407789513
08/18/2014,1.4837241265412835
08/18/2014,1.496706571677307
08/18/2014,1.4942487166090679
08/18/2014,1.47386562631402
08/18/2014,1.462835392655256
08/18/2014,1.5022276564327421
08/18/2014,1.485048165157088
08/18/2014,1.4725010835406092
08/18/2014,1.4331174236929851
08/18/2014,1.4221446893840786
08/18/2014,1.4383094546485504
08/18/2014,1.440658258200224
08/18/2014,1.4327619441321087
08/18/2014,1.4156183304689347
08/18/2014,1.471085735838914
08/18/2014,1.4484518952781273
08/18/2014,1.46507518104614
08/18/2014,1.4574347006234862
08/18/2014,1.4994907486542197
08/18/2014,1.49360823655621
08/18/2014,1.5089608731647932
08/18/2014,1.498365664820219
08/18/2014,1.4892411292909642
08/18/2014,1.4718193817400196
08/18/2014,1.4743907448001643
08/18/2014,1.4661183650325575
08/18/2014,1.5417912196685064
08/18/2014,1.543843931280045
08/18/2014,1.5286113304411344
08/18/2014,1.5233558427197331
08/18/2014,1.513885408372469
08/18/2014,1.5064248331198111
08/18/2014,1.5236289892105503
08/18/2014,1.5224819110250154
08/18/2014,1.5528147640186694
08/18/2014,1.6174262334545402
08/18/2014,1.606013799223261
08/18/2014,1.6437281217961555
08/18/2014,1.6120881156340396
08/18/2014,1.6015347368211066
08/18/2014,1.6307193175155974
08/18/2014,1.562919336011939
08/18/2014,1.573047491212856
08/18/2014,1.563088355592762
08/18/2014,1.5579131296168445
08/18/2014,1.5472353878186056
08/18/2014,1.6431286666259044
08/18/2014,1.6568057293938523
08/18/2014,1.6001999093444754
08/18/2014,1.593141789973012
08/18/2014,1.5970710446965708
08/18/2014,1.5068021785742227
08/18/2014,1.4764939556139884
08/18/2014,1.4492751100087324
08/18/2014,1.4492237117799012
08/18/2014,1.4687302494464367
08/18/2014,1.4800774264965437
08/18/2014,1.5255976407789513
08/18/2014,1.5014220672583458
08/18/2014,1.5386354431028992
08/18/2014,1.5431223272812555
08/18/2014,1.5233011242721812
08/18/2014,1.4743382870709467
08/18/2014,1.4797080832420662
08/18/2014,1.471976598772101
08/18/2014,1.4948360135243708
08/18/2014,1.4205348905670436
08/18/2014,1.4192788386466586
08/18/2014,1.3240030555376945
08/18/2014,1.357759258634659
08/18/2014,1.3666164374073542
08/18/2014,1.3505315839168075
08/18/2014,1.3878537371842934
08/18/2014,1.33531877324896
08/18/2014,1.4329142318636319
08/18/2014,1.4238572926381112
08/18/2014,1.379760253804524
08/18/2014,1.389126423604187
08/18/2014,1.3437249869948527
08/18/2014,1.3111913849767944
08/18/2014,1.3078962024308909
08/18/2014,1.332281250171642
08/18/2014,1.3811702041769411
08/18/2014,1.400592359251896
08/18/2014,1.4101235455996959
08/18/2014,1.3922650327452746
08/18/2014,1.411719521313941
08/18/2014,1.492541681862678
08/18/2014,1.531027463315657
08/18/2014,1.5196463188338902
08/18/2014,1.490198433822115
08/18/2014,1.5473467459124108
08/18/2014,1.558250051461612
08/18/2014,1.5547733082245567
08/18/2014,1.5177955567336199
08/18/2014,1.48701022537412
08/18/2014,1.5183396668538325
08/18/2014,1.426582482106525
08/18/2014,1.4174221630605535
08/18/2014,1.4332190272508396
08/18/2014,1.4191280922479168
08/18/2014,1.408380430357146
08/18/2014,1.4074849875174307
08/18/2014,1.4148175710305688
08/18/2014,1.3848244434065753
08/18/2014,1.393198259078603
08/18/2014,1.4038105453186258
08/18/2014,1.4240589743879932
08/18/2014,1.4040088947433416
08/18/2014,1.4048025006793217
08/18/2014,1.3809756054367848
08/18/2014,1.4043065001225767
08/18/2014,1.3078962024308909
08/18/2014,1.2942216424253172
08/18/2014,1.2868391978832106
08/18/2014,1.354282548319353
08/18/2014,1.3366297488105419
08/18/2014,1.3502471508962781
08/18/2014,1.3692142191038361
08/18/2014,1.3819488003848936
08/18/2014,1.422900006980331
08/18/2014,1.4611710810299938
08/18/2014,1.4659618818125562
08/18/2014,1.4536580527960805
08/18/2014,1.466275014387669
08/18/2014,1.4436263301970313
08/18/2014,1.470300070942306
08/18/2014,1.4802356958025904
08/18/2014,1.493021506804437
08/18/2014,1.4464987411594332
08/18/2014,1.4455747344465446
08/18/2014,1.4526253918891496
08/18/2014,1.4025717860218838
08/18/2014,1.3951654960534479
08/18/2014,1.462419067307902
08/18/2014,1.4241598228022758
08/18/2014,1.5354874819252708
08/18/2014,1.7355009656346387
08/18/2014,1.77953671553532
08/18/2014,1.7707483838817493
08/18/2014,1.7634560040378098
08/18/2014,1.727562823197358
08/18/2014,1.7266693355582232
08/18/2014,1.7326788984227368
08/18/2014,1.731718117633017
08/18/2014,1.716754214038249
08/18/2014,1.7716707868279764
08/18/2014,1.830158570957586
08/18/2014,1.803674662990223
08/18/2014,1.8845845627525648
08/18/2014,1.903267184228799
08/18/2014,1.89994422006098
08/18/2014,1.8878724141167391
08/18/2014,1.8926028439629587
08/18/2014,1.8645207637137389
08/18/2014,1.8850130579258417
08/18/2014,1.8864420278903333
08/18/2014,1.8646615920158218
08/18/2014,1.935736840232787
08/18/2014,1.886227659413857
08/18/2014,1.8105031461600856
08/18/2014,1.843484903073359
08/18/2014,1.8850130579258417
08/18/2014,1.8666345020324817
08/18/2014,1.9739411823939712
08/18/2014,2.0344127682444313
08/18/2014,2.084524361420469
08/18/2014,2.079308694288167
08/18/2014,2.065943004641383
08/18/2014,2.032281027099426
08/18/2014,2.0784140217257123
08/18/2014,2.0789832497950798
08/18/2014,2.0610310189215513
08/18/2014,2.075570775577842
08/18/2014,2.0594240041150895
08/18/2014,2.1224550665579924
08/18/2014,2.118528151114529
08/18/2014,2.1210335393099333
08/18/2014,2.0809366720856772
08/18/2014,2.0890207238685505
08/18/2014,2.040190864596552
08/18/2014,2.0209631983566063
08/18/2014,2.006003222082644
08/18/2014,2.0592633600650174
08/18/2014,2.1548266310910296
08/18/2014,2.16278848423984
08/18/2014,2.1146113504848794
08/18/2014,2.0919710610741205
08/18/2014,2.059022570284019
08/18/2014,2.0837083746465286
08/18/2014,2.1175272719888554
08/18/2014,2.1047379952053085
08/18/2014,2.1737264335135977
08/18/2014,2.1037456986810366
08/18/2014,2.014711743695763
08/18/2014,2.0029052626957204
08/18/2014,2.0478231860053526
08/18/2014,2.023313979159616
08/18/2014,1.9933417726790916
08/18/2014,1.9815492019190872
08/18/2014,1.9875870309910777
08/18/2014,2.0106621570374705
08/18/2014,1.921021422246037
08/18/2014,1.891669850216139
08/18/2014,1.857357437752714
08/18/2014,1.888445063084823
08/18/2014,1.8507878608165793
08/18/2014,1.793259522188757
08/18/2014,1.7451657966159588
08/18/2014,1.7869143118229904
08/18/2014,1.7720003407941387
08/18/2014,1.7540526521349535
08/18/2014,1.765357450103373
08/18/2014,1.7539876666507828
08/18/2014,1.7794041189861864
08/18/2014,1.7895157717379446
08/18/2014,1.869881538698975
08/18/2014,1.8969168744449745
08/18/2014,1.883300111921524
08/18/2014,1.8787422510465468
08/18/2014,1.914083206322054
08/18/2014,1.8982854734125842
08/18/2014,2.0102734167190555
08/18/2014,2.002750514524835
08/18/2014,1.9830754273756679
08/18/2014,1.9807865525882962
08/18/2014,2.032044465896619
08/18/2014,2.01533579023186
08/18/2014,2.05469299946127
08/18/2014,2.0149456079142607
08/18/2014,1.963355039326073
08/18/2014,2.015413695121126
08/18/2014,1.9885062022338655
08/18/2014,2.112615006800287
08/18/2014,2.071599146802489
08/18/2014,2.046070760110533
08/18/2014,2.134547909186908
08/18/2014,2.133536469364705
08/18/2014,2.056215015161548
08/18/2014,2.043127980043869
08/18/2014,2.0570165147516684
08/18/2014,2.1031672787215836
08/18/2014,2.141899284684672
08/18/2014,2.1497962129000094
08/18/2014,2.141560476372526
08/18/2014,2.112116258295549
08/18/2014,2.138937614801398
08/18/2014,2.098053154074633
08/18/2014,2.1151940449846958
08/18/2014,2.011595817765999
08/18/2014,1.8921723213458455
08/18/2014,1.8509969969904376
08/18/2014,1.9522457682630767
08/18/2014,1.9558396966835496
08/18/2014,1.9524700559892632
08/18/2014,1.956814580528731
08/18/2014,1.9520961971735
08/18/2014,1.9217537919880956
08/18/2014,1.7886480834209377
08/18/2014,1.7747721091148767
08/18/2014,1.7360789146354267
08/18/2014,1.7284566919907953
08/18/2014,1.6458286945793732
08/18/2014,1.6664093598095622
08/18/2014,1.8084037669895399
08/18/2014,1.8391900956994325
08/18/2014,1.883157430865312
08/18/2014,1.8648727687952469
08/18/2014,1.8980693422296797
08/18/2014,1.8499512322059917
08/18/2014,1.84501193767327
08/18/2014,1.7990959282006467
08/18/2014,1.8695280896065163
08/18/2014,1.8344947076532223
08/18/2014,1.8566572019467908
08/18/2014,1.8824442801657084
08/18/2014,1.9907303137819685
08/18/2014,1.9884296814638116
08/18/2014,2.000431359029931
08/18/2014,1.9507509185321488
08/18/2014,2.0898397708527043
08/18/2014,2.1526078216565168
08/18/2014,2.1861332231479986
08/18/2014,2.4089546762963927
08/18/2014,2.425688088218909
08/18/2014,2.4287112555044743
08/18/2014,2.34727468462531
08/18/2014,2.430023060167068
08/18/2014,2.4403506246144278
08/18/2014,2.3831278138148124
08/18/2014,2.3189643639491897
08/18/2014,2.4578044828128442
08/18/2014,2.453296542468828
08/18/2014,2.397922990976855
08/18/2014,2.2934541015991394
08/18/2014,2.197935443567185
08/18/2014,2.1662253028494254
08/18/2014,2.08183281176678
08/18/2014,2.0959955815147087
08/18/2014,2.1948672396935507
08/18/2014,2.2140740287534437
08/18/2014,1.9855207816691696
08/18/2014,2.0882023567212986
08/18/2014,2.0827294729126615
08/18/2014,2.1888356013379
08/18/2014,2.179267137440308
08/18/2014,2.160644329650636
08/18/2014,2.1803949821267476
08/18/2014,2.4040760352651707
08/18/2014,2.3947557417580523
08/18/2014,2.3713844676054467
08/18/2014,2.2141628076890996
08/18/2014,2.2485646931343624
08/18/2014,2.157818357427076
08/18/2014,2.1677745393519556
08/18/2014,2.0264544491308167
08/18/2014,2.0546130517745818
08/18/2014,1.9428530991170614
08/18/2014,1.900810231080166
08/18/2014,1.6937723794234805
08/18/2014,1.730630246381985
08/18/2014,1.68861461072951
08/18/2014,1.683785654782114
08/18/2014,1.6916572824037717
08/18/2014,1.6307193175155974
08/18/2014,1.7262867866119742
08/18/2014,1.9176577011425529
08/18/2014,1.6703804753975098
08/18/2014,1.6196029783117547
08/18/2014,1.4951030201912694
08/18/2014,1.4997052030569809
08/18/2014,1.5138312627028256
08/18/2014,1.4711905352130352
08/18/2014,1.4810276943598328
08/18/2014,1.4962251560606437
08/18/2014,1.502872389555631
08/18/2014,1.5828551409620035
08/18/2014,1.6176614155713809
08/18/2014,1.6778659140389771
08/18/2014,1.8093514161080242
08/18/2014,1.7739796948230084
08/18/2014,1.7314622003713316
08/18/2014,1.7446485452001992
08/18/2014,1.7045867337960132
08/18/2014,1.6976380356651477
08/18/2014,1.7337686083593171
08/18/2014,1.7120759904471772
08/18/2014,1.7449071465403123
08/18/2014,1.7094911050705819
08/18/2014,1.7582239403294648
08/18/2014,1.7818587528563186
08/18/2014,1.7916537686650424
08/18/2014,1.8246711332136007
08/18/2014,1.8482101479995077
08/18/2014,1.8381531944894909
08/18/2014,1.883300111921524
08/18/2014,1.8810192647550763
08/18/2014,1.8717200965127623
08/18/2014,1.7902503800857883
08/18/2014,1.8145755924009295
08/18/2014,1.878386616183452
08/18/2014,1.8881587102153223
08/18/2014,1.7521667282484996
08/18/2014,1.719162726406668
08/18/2014,1.756201909307957
08/18/2014,1.7984910665198752
08/18/2014,1.8470967634564197
08/18/2014,1.9121900221253108
08/18/2014,1.8888029586020558
08/18/2014,1.9272574908612612
08/18/2014,1.9671271657959701
08/18/2014,1.935958833741493
08/18/2014,1.9853678200088525
08/18/2014,1.980024522129398
08/18/2014,2.073948462066402
08/18/2014,1.9891960018029982
08/18/2014,1.950377270650376
08/18/2014,1.9851382767966859
08/18/2014,2.019789068661735
08/18/2014,2.0696575434773172
08/18/2014,2.0720849922663658
08/18/2014,2.131852444406399
08/18/2014,2.254006797845396
08/18/2014,2.301103484252101
08/18/2014,2.2789994318157585
08/18/2014,2.359625053080377
08/18/2014,2.3428583677373074
08/18/2014,2.428913023381982
08/18/2014,2.843956300931853
08/18/2014,2.77546988713785
08/18/2014,2.8429422079040068
08/18/2014,2.8212707186871664
08/18/2014,2.9355964402833656
08/18/2014,2.91839553301688
08/18/2014,2.8724377219049453
08/18/2014,2.8075386742120507
08/18/2014,2.751770647202916
08/18/2014,2.723721279027518
08/18/2014,2.7265788269336206
08/18/2014,2.751046062659043
08/18/2014,2.7475483846514352
08/18/2014,2.6572348510222197
08/18/2014,2.682890620127325
08/18/2014,2.7642514970617422
08/18/2014,2.8087827651915873
08/18/2014,2.7124532157495462
08/18/2014,2.708436788875361
08/18/2014,2.6957367681811037
08/18/2014,2.7430951485992634
08/18/2014,2.736734712426321
08/18/2014,2.785156526304869
08/18/2014,2.836490803692968
08/18/2014,2.8823702782924587
08/18/2014,2.8513238178048352
08/18/2014,2.8464935080638
08/18/2014,2.7393722634774664
08/18/2014,2.762793318538224
08/18/2014,2.8967788972674042
08/18/2014,2.9455892768615795
08/18/2014,2.9525469931627613
08/18/2014,3.059376233793693
08/18/2014,3.040518403619293
08/18/2014,3.0715724254403645
08/18/2014,3.0751313115487493
08/18/2014,3.0571154415310096
08/18/2014,3.040518403619293
08/18/2014,3.1099077041975716
08/18/2014,3.124305911859453
08/18/2014,3.12459785422687
08/18/2014,3.1687086248615204
08/18/2014,3.2534489086119747
08/18/2014,3.1624556384367843
08/18/2014,3.1626040941289424
08/18/2014,3.0879955983321956
08/18/2014,3.0801244858490526
08/18/2014,3.1038293117523743
08/18/2014,3.022806611290119
08/18/2014,3.1031070514321963
08/18/2014,3.0796961940661878
08/18/2014,2.9972822434402593
08/18/2014,3.001673847767858
08/18/2014,2.986617165251564
08/18/2014,2.9145789605708603
08/18/2014,2.920240560921571
08/18/2014,2.8954762754042496
08/18/2014,2.996733857367483
08/18/2014,3.0502071130071857
08/18/2014,2.9709968943814453
08/18/2014,2.9251255530875215
08/18/2014,2.936261325845257
08/18/2014,2.939454525371523
08/18/2014,2.8541256993317217
08/18/2014,2.7124532157495462
08/18/2014,2.73553723605984
08/18/2014,2.7608503429389626
08/18/2014,2.8909245862191812
08/18/2014,2.8696091618606907
08/18/2014,2.8734674435780794
08/18/2014,2.8997776327537186
08/18/2014,2.994405134025288
08/18/2014,2.973027478292872
08/18/2014,2.9344007651961457
08/18/2014,2.9435866626569833
08/18/2014,2.997967697450856
08/18/2014,2.941319443092768
08/18/2014,3.001673847767858
08/18/2014,2.9622218182762117
08/18/2014,2.9815780143635036
08/18/2014,2.8592303855776477
08/18/2014,2.832579940311799
08/18/2014,2.9209002676802513
08/18/2014,3.022945689634453
08/18/2014,3.0286467703094626
08/18/2014,3.049081264144525
08/18/2014,3.065181536709497
08/18/2014,3.1580005012919306
08/18/2014,3.200863610718106
08/18/2014,3.241221019424786
08/18/2014,3.187129668851361
08/18/2014,3.12197177232391
08/18/2014,3.125619788032142
08/18/2014,3.0707190626882874
08/18/2014,3.169006917314977
08/18/2014,2.976144734678088
08/18/2014,3.0059380249852397
08/18/2014,3.1585940377990607
08/18/2014,3.0482373022416533
08/18/2014,3.0468319213383266
08/18/2014,3.203438906738806
08/18/2014,3.381532320237242
08/18/2014,3.4964797493685693
08/18/2014,3.468722884031505
08/18/2014,3.552685733488793
08/18/2014,3.562487891134337
08/18/2014,3.8238383762888555
08/18/2014,3.8728469309363436
08/18/2014,3.873254467427698
08/18/2014,3.99930333300532
08/18/2014,4.044309015912298
08/18/2014,4.084137077241637
08/18/2014,4.095695810736471
08/18/2014,4.039074716964904
08/18/2014,4.116275476131112
08/18/2014,4.1565684027820895
08/18/2014,4.111339165539179
08/18/2014,4.1347588446167185
08/18/2014,4.100601937711851
08/18/2014,4.152692654373834
08/18/2014,4.243094870346969
08/18/2014,4.297670716138464
08/18/2014,4.310948001686803
08/18/2014,4.3029736753850125
08/18/2014,4.327943086153219
08/18/2014,4.214009646644691
08/18/2014,4.400526407950679
08/18/2014,4.707019535788162
08/18/2014,4.883329490699144
08/18/2014,5.08927650241966
08/18/2014,5.233553959847445
08/18/2014,5.2999329774814985
08/18/2014,5.087686456780181
08/18/2014,5.040986804909203
08/18/2014,5.008906872085526
08/18/2014,5.03160749729086
08/18/2014,5.0686672510488116
08/18/2014,5.015109215597474
08/18/2014,5.159430940801867
08/18/2014,5.180662808554395
08/18/2014,5.290072617835606
08/18/2014,5.473492155201609
08/18/2014,5.456636879015784
08/18/2014,5.458784004916002
08/18/2014,5.490435736658243
08/18/2014,5.424250502973756
08/18/2014,5.502022463216064
08/18/2014,5.5118312705934365
08/18/2014,5.525686412451209
08/18/2014,5.4434298655858715
08/18/2014,5.473492155201609
08/18/2014,5.500572141794777
08/18/2014,5.637173155664872
08/18/2014,5.525320980771865
08/18/2014,5.660309400045835
08/18/2014,5.555048325529693
08/18/2014,5.475650507902351
08/18/2014,5.426730572621039
08/18/2014,5.293129204206172
08/18/2014,5.172806405625651
08/18/2014,5.26943257432
08/18/2014,5.232220454064933
08/18/2014,5.293808947367675
08/18/2014,5.264041605031422
08/18/2014,5.199731839588347
08/18/2014,5.270444612655571
08/18/2014,5.17019219379658
08/18/2014,5.009216750593626
08/18/2014,5.090231208892485
08/18/2014,4.887787791311872
08/18/2014,4.889275115395525
08/18/2014,4.874137395088278
08/18/2014,4.969818027503923
08/18/2014,5.0391084350880035
08/18/2014,5.219250819314985
08/18/2014,5.2000617127868205
08/18/2014,5.083555496989533
08/18/2014,4.867335845927776
08/18/2014,4.945455157288425
08/18/2014,4.703110199138319
08/18/2014,4.527305045120497
08/18/2014,4.658805602744457
08/18/2014,5.073411045089271
08/18/2014,4.957916021312246
08/18/2014,5.123187671975908
08/18/2014,5.196765285190692
08/18/2014,5.1587803685082925
08/18/2014,5.580214432236557
08/18/2014,5.449134238973845
08/18/2014,5.190182408062632
08/18/2014,5.010146019482898
08/18/2014,4.9071848511628176
08/18/2014,4.715976482008447
08/18/2014,4.828311963219248
08/18/2014,4.966761823940772
08/18/2014,4.965234620251906
08/18/2014,5.021946605136667
08/18/2014,4.97502062397138
08/18/2014,5.012316611406844
08/18/2014,5.181318471761888
08/18/2014,5.022880314093823
08/18/2014,4.992224214154558
08/18/2014,4.74953160579332
08/18/2014,5.045373754828237
08/18/2014,4.898216596886378
08/18/2014,5.041926428066029
08/18/2014,5.0463142409169945
08/18/2014,5.0730945107519805
08/18/2014,5.202701301768712
08/18/2014,5.255971940755257
08/18/2014,5.3427896177098395
08/18/2014,5.299251910934545
08/18/2014,5.472054604168648
08/18/2014,5.604451420618868
08/18/2014,5.4828543883023
08/18/2014,5.522399730823378
08/18/2014,5.837709636914155
08/18/2014,5.789907065956099
08/18/2014,5.72021915139099
08/18/2014,5.856616147246606
08/18/2014,5.798620683598608
08/18/2014,5.611195218792771
08/18/2014,5.460573841887199
08/18/2014,5.496586366998945
08/18/2014,5.476370326703134
08/18/2014,5.404481460074388
08/18/2014,5.4373794282244825
08/18/2014,5.496948514771618
08/18/2014,5.669074946898003
08/18/2014,5.957303922053688
08/18/2014,6.0592827203939645
08/18/2014,5.880091613912069
08/18/2014,5.956473316668829
08/18/2014,5.75644995739519
08/18/2014,5.754883376620775
08/18/2014,5.304362648924546
08/18/2014,5.403777602389195
08/18/2014,5.368088344161292
08/18/2014,5.943211959101641
08/18/2014,5.908639714944179
08/18/2014,5.754491825339252
08/18/2014,5.8821231755720245
08/18/2014,5.310165445884141
08/18/2014,5.080698991880293
08/18/2014,4.980846675362908
08/18/2014,4.945455157288425
08/18/2014,5.113552157036344
08/18/2014,5.0294234561683355
08/18/2014,5.26707293872941
08/18/2014,5.410822866422204
08/18/2014,5.219250819314985
08/18/2014,5.759192575491804
08/18/2014,6.8021662144751645
08/18/2014,7.295875435431394
08/18/2014,6.87810965787809
08/18/2014,6.813673803215464
08/18/2014,7.08748586248788
08/18/2014,7.207658623504749
08/18/2014,7.271735975036792
08/18/2014,7.482442038849572
08/18/2014,7.616646633378994
08/18/2014,7.462118352780544
08/18/2014,7.393860902285234
08/18/2014,7.502243300727283
08/18/2014,7.422979035245095
08/18/2014,7.629406202848447
08/18/2014,7.790824734233753
08/18/2014,7.99295942927775
08/18/2014,7.891421728822692
08/18/2014,8.187194768915377
08/18/2014,8.855298090192466
08/18/2014,8.726175363141937
08/18/2014,8.646478741238946
08/18/2014,8.845307785571324
08/18/2014,8.890423970001311
08/18/2014,8.764473213602223
08/18/2014,8.919887403582027
08/18/2014,9.226265990523391
08/18/2014,9.406138947284425
08/18/2014,9.453740672799766
08/18/2014,9.84174433823289
08/18/2014,10.06510590757979
08/18/2014,10.391726922733204
08/18/2014,10.392840480519888
08/18/2014,10.473592821886477
08/18/2014,10.653710419730665
08/18/2014,10.481505069916835
08/18/2014,10.62581110566306
08/18/2014,10.385050144666108
08/18/2014,10.425228850920274
08/18/2014,9.97962848262296
08/18/2014,9.800552251258273
08/18/2014,9.995165442820381
08/18/2014,10.113641783103793
08/18/2014,9.653451494321201
08/18/2014,9.760664804839983
08/18/2014,10.615382894897298
